gs://auto_ml_v1/cats/63.jpg,cats
gs://auto_ml_v1/cats/77.jpg,cats
gs://auto_ml_v1/cats/88.jpg,cats
gs://auto_ml_v1/cats/89.jpg,cats
gs://auto_ml_v1/cats/76.jpg,cats
gs://auto_ml_v1/cats/62.jpg,cats
gs://auto_ml_v1/cats/74.jpg,cats
gs://auto_ml_v1/cats/60.jpg,cats
gs://auto_ml_v1/cats/48.jpg,cats
gs://auto_ml_v1/cats/49.jpg,cats
gs://auto_ml_v1/cats/61.jpg,cats
gs://auto_ml_v1/cats/75.jpg,cats
gs://auto_ml_v1/cats/59.jpg,cats
gs://auto_ml_v1/cats/71.jpg,cats
gs://auto_ml_v1/cats/65.jpg,cats
gs://auto_ml_v1/cats/.DS_Store,cats
gs://auto_ml_v1/cats/64.jpg,cats
gs://auto_ml_v1/cats/70.jpg,cats
gs://auto_ml_v1/cats/58.jpg,cats
gs://auto_ml_v1/cats/8.jpg,cats
gs://auto_ml_v1/cats/66.jpg,cats
gs://auto_ml_v1/cats/72.jpg,cats
gs://auto_ml_v1/cats/99.jpg,cats
gs://auto_ml_v1/cats/98.jpg,cats
gs://auto_ml_v1/cats/73.jpg,cats
gs://auto_ml_v1/cats/67.jpg,cats
gs://auto_ml_v1/cats/9.jpg,cats
gs://auto_ml_v1/cats/14.jpg,cats
gs://auto_ml_v1/cats/28.jpg,cats
gs://auto_ml_v1/cats/100.jpg,cats
gs://auto_ml_v1/cats/29.jpg,cats
gs://auto_ml_v1/cats/15.jpg,cats
gs://auto_ml_v1/cats/17.jpg,cats
gs://auto_ml_v1/cats/16.jpg,cats
gs://auto_ml_v1/cats/12.jpg,cats
gs://auto_ml_v1/cats/13.jpg,cats
gs://auto_ml_v1/cats/39.jpg,cats
gs://auto_ml_v1/cats/11.jpg,cats
gs://auto_ml_v1/cats/10.jpg,cats
gs://auto_ml_v1/cats/38.jpg,cats
gs://auto_ml_v1/cats/21.jpg,cats
gs://auto_ml_v1/cats/35.jpg,cats
gs://auto_ml_v1/cats/34.jpg,cats
gs://auto_ml_v1/cats/20.jpg,cats
gs://auto_ml_v1/cats/36.jpg,cats
gs://auto_ml_v1/cats/22.jpg,cats
gs://auto_ml_v1/cats/23.jpg,cats
gs://auto_ml_v1/cats/37.jpg,cats
gs://auto_ml_v1/cats/33.jpg,cats
gs://auto_ml_v1/cats/27.jpg,cats
gs://auto_ml_v1/cats/26.jpg,cats
gs://auto_ml_v1/cats/32.jpg,cats
gs://auto_ml_v1/cats/18.jpg,cats
gs://auto_ml_v1/cats/24.jpg,cats
gs://auto_ml_v1/cats/30.jpg,cats
gs://auto_ml_v1/cats/31.jpg,cats
gs://auto_ml_v1/cats/25.jpg,cats
gs://auto_ml_v1/cats/19.jpg,cats
gs://auto_ml_v1/cats/42.jpg,cats
gs://auto_ml_v1/cats/4.jpg,cats
gs://auto_ml_v1/cats/56.jpg,cats
gs://auto_ml_v1/cats/81.jpg,cats
gs://auto_ml_v1/cats/95.jpg,cats
gs://auto_ml_v1/cats/94.jpg,cats
gs://auto_ml_v1/cats/80.jpg,cats
gs://auto_ml_v1/cats/5.jpg,cats
gs://auto_ml_v1/cats/57.jpg,cats
gs://auto_ml_v1/cats/43.jpg,cats
gs://auto_ml_v1/cats/55.jpg,cats
gs://auto_ml_v1/cats/7.jpg,cats
gs://auto_ml_v1/cats/41.jpg,cats
gs://auto_ml_v1/cats/69.jpg,cats
gs://auto_ml_v1/cats/96.jpg,cats
gs://auto_ml_v1/cats/82.jpg,cats
gs://auto_ml_v1/cats/83.jpg,cats
gs://auto_ml_v1/cats/97.jpg,cats
gs://auto_ml_v1/cats/68.jpg,cats
gs://auto_ml_v1/cats/40.jpg,cats
gs://auto_ml_v1/cats/54.jpg,cats
gs://auto_ml_v1/cats/6.jpg,cats
gs://auto_ml_v1/cats/78.jpg,cats
gs://auto_ml_v1/cats/2.jpg,cats
gs://auto_ml_v1/cats/50.jpg,cats
gs://auto_ml_v1/cats/44.jpg,cats
gs://auto_ml_v1/cats/93.jpg,cats
gs://auto_ml_v1/cats/87.jpg,cats
gs://auto_ml_v1/cats/86.jpg,cats
gs://auto_ml_v1/cats/92.jpg,cats
gs://auto_ml_v1/cats/45.jpg,cats
gs://auto_ml_v1/cats/3.jpg,cats
gs://auto_ml_v1/cats/51.jpg,cats
gs://auto_ml_v1/cats/79.jpg,cats
gs://auto_ml_v1/cats/47.jpg,cats
gs://auto_ml_v1/cats/53.jpg,cats
gs://auto_ml_v1/cats/1.jpg,cats
gs://auto_ml_v1/cats/84.jpg,cats
gs://auto_ml_v1/cats/90.jpg,cats
gs://auto_ml_v1/cats/91.jpg,cats
gs://auto_ml_v1/cats/85.jpg,cats
gs://auto_ml_v1/cats/52.jpg,cats
gs://auto_ml_v1/cats/46.jpg,cats
gs://auto_ml_v1/dogs/189.jpg,dogs
gs://auto_ml_v1/dogs/162.jpg,dogs
gs://auto_ml_v1/dogs/176.jpg,dogs
gs://auto_ml_v1/dogs/200.jpg,dogs
gs://auto_ml_v1/dogs/177.jpg,dogs
gs://auto_ml_v1/dogs/163.jpg,dogs
gs://auto_ml_v1/dogs/188.jpg,dogs
gs://auto_ml_v1/dogs/149.jpg,dogs
gs://auto_ml_v1/dogs/175.jpg,dogs
gs://auto_ml_v1/dogs/161.jpg,dogs
gs://auto_ml_v1/dogs/160.jpg,dogs
gs://auto_ml_v1/dogs/174.jpg,dogs
gs://auto_ml_v1/dogs/148.jpg,dogs
gs://auto_ml_v1/dogs/170.jpg,dogs
gs://auto_ml_v1/dogs/164.jpg,dogs
gs://auto_ml_v1/dogs/158.jpg,dogs
gs://auto_ml_v1/dogs/.DS_Store,dogs
gs://auto_ml_v1/dogs/159.jpg,dogs
gs://auto_ml_v1/dogs/165.jpg,dogs
gs://auto_ml_v1/dogs/171.jpg,dogs
gs://auto_ml_v1/dogs/198.jpg,dogs
gs://auto_ml_v1/dogs/167.jpg,dogs
gs://auto_ml_v1/dogs/173.jpg,dogs
gs://auto_ml_v1/dogs/172.jpg,dogs
gs://auto_ml_v1/dogs/166.jpg,dogs
gs://auto_ml_v1/dogs/199.jpg,dogs
gs://auto_ml_v1/dogs/129.jpg,dogs
gs://auto_ml_v1/dogs/101.jpg,dogs
gs://auto_ml_v1/dogs/115.jpg,dogs
gs://auto_ml_v1/dogs/114.jpg,dogs
gs://auto_ml_v1/dogs/128.jpg,dogs
gs://auto_ml_v1/dogs/116.jpg,dogs
gs://auto_ml_v1/dogs/102.jpg,dogs
gs://auto_ml_v1/dogs/103.jpg,dogs
gs://auto_ml_v1/dogs/117.jpg,dogs
gs://auto_ml_v1/dogs/113.jpg,dogs
gs://auto_ml_v1/dogs/107.jpg,dogs
gs://auto_ml_v1/dogs/106.jpg,dogs
gs://auto_ml_v1/dogs/112.jpg,dogs
gs://auto_ml_v1/dogs/104.jpg,dogs
gs://auto_ml_v1/dogs/110.jpg,dogs
gs://auto_ml_v1/dogs/138.jpg,dogs
gs://auto_ml_v1/dogs/139.jpg,dogs
gs://auto_ml_v1/dogs/111.jpg,dogs
gs://auto_ml_v1/dogs/105.jpg,dogs
gs://auto_ml_v1/dogs/108.jpg,dogs
gs://auto_ml_v1/dogs/120.jpg,dogs
gs://auto_ml_v1/dogs/134.jpg,dogs
gs://auto_ml_v1/dogs/135.jpg,dogs
gs://auto_ml_v1/dogs/121.jpg,dogs
gs://auto_ml_v1/dogs/109.jpg,dogs
gs://auto_ml_v1/dogs/137.jpg,dogs
gs://auto_ml_v1/dogs/123.jpg,dogs
gs://auto_ml_v1/dogs/122.jpg,dogs
gs://auto_ml_v1/dogs/136.jpg,dogs
gs://auto_ml_v1/dogs/132.jpg,dogs
gs://auto_ml_v1/dogs/126.jpg,dogs
gs://auto_ml_v1/dogs/127.jpg,dogs
gs://auto_ml_v1/dogs/133.jpg,dogs
gs://auto_ml_v1/dogs/125.jpg,dogs
gs://auto_ml_v1/dogs/131.jpg,dogs
gs://auto_ml_v1/dogs/119.jpg,dogs
gs://auto_ml_v1/dogs/118.jpg,dogs
gs://auto_ml_v1/dogs/130.jpg,dogs
gs://auto_ml_v1/dogs/124.jpg,dogs
gs://auto_ml_v1/dogs/180.jpg,dogs
gs://auto_ml_v1/dogs/194.jpg,dogs
gs://auto_ml_v1/dogs/143.jpg,dogs
gs://auto_ml_v1/dogs/157.jpg,dogs
gs://auto_ml_v1/dogs/156.jpg,dogs
gs://auto_ml_v1/dogs/142.jpg,dogs
gs://auto_ml_v1/dogs/195.jpg,dogs
gs://auto_ml_v1/dogs/181.jpg,dogs
gs://auto_ml_v1/dogs/197.jpg,dogs
gs://auto_ml_v1/dogs/183.jpg,dogs
gs://auto_ml_v1/dogs/168.jpg,dogs
gs://auto_ml_v1/dogs/154.jpg,dogs
gs://auto_ml_v1/dogs/140.jpg,dogs
gs://auto_ml_v1/dogs/141.jpg,dogs
gs://auto_ml_v1/dogs/155.jpg,dogs
gs://auto_ml_v1/dogs/169.jpg,dogs
gs://auto_ml_v1/dogs/182.jpg,dogs
gs://auto_ml_v1/dogs/196.jpg,dogs
gs://auto_ml_v1/dogs/192.jpg,dogs
gs://auto_ml_v1/dogs/186.jpg,dogs
gs://auto_ml_v1/dogs/151.jpg,dogs
gs://auto_ml_v1/dogs/145.jpg,dogs
gs://auto_ml_v1/dogs/179.jpg,dogs
gs://auto_ml_v1/dogs/178.jpg,dogs
gs://auto_ml_v1/dogs/144.jpg,dogs
gs://auto_ml_v1/dogs/150.jpg,dogs
gs://auto_ml_v1/dogs/187.jpg,dogs
gs://auto_ml_v1/dogs/193.jpg,dogs
gs://auto_ml_v1/dogs/185.jpg,dogs
gs://auto_ml_v1/dogs/191.jpg,dogs
gs://auto_ml_v1/dogs/146.jpg,dogs
gs://auto_ml_v1/dogs/152.jpg,dogs
gs://auto_ml_v1/dogs/153.jpg,dogs
gs://auto_ml_v1/dogs/147.jpg,dogs
gs://auto_ml_v1/dogs/190.jpg,dogs
gs://auto_ml_v1/dogs/184.jpg,dogs
